Data,Visitas
2023-01-01,784
2023-01-02,659
2023-01-03,729
2023-01-04,292
2023-01-05,935
2023-01-06,863
2023-01-07,807
2023-01-08,459
2023-01-09,109
2023-01-10,823
2023-01-11,377
2023-01-12,854
2023-01-13,904
2023-01-14,699
2023-01-15,170
2023-01-16,572
2023-01-17,700
2023-01-18,496
2023-01-19,414
2023-01-20,805
2023-01-21,586
2023-01-22,651
2023-01-23,187
2023-01-24,274
2023-01-25,700
2023-01-26,949
2023-01-27,777
2023-01-28,637
2023-01-29,945
2023-01-30,172
2023-01-31,877
2023-02-01,215
2023-02-02,855
2023-02-03,809
2023-02-04,947
2023-02-05,531
2023-02-06,548
2023-02-07,950
2023-02-08,199
2023-02-09,277
2023-02-10,855
2023-02-11,897
2023-02-12,759
2023-02-13,247
2023-02-14,523
2023-02-15,388
2023-02-16,365
2023-02-17,797
2023-02-18,739
2023-02-19,644
2023-02-20,643
2023-02-21,814
2023-02-22,344
2023-02-23,251
2023-02-24,775
2023-02-25,610
2023-02-26,559
2023-02-27,982
2023-02-28,283
2023-03-01,128
2023-03-02,902
2023-03-03,228
2023-03-04,228
2023-03-05,153
2023-03-06,650
2023-03-07,588
2023-03-08,856
2023-03-09,373
2023-03-10,435
2023-03-11,488
2023-03-12,717
2023-03-13,142
2023-03-14,542
2023-03-15,643
2023-03-16,988
2023-03-17,357
2023-03-18,421
2023-03-19,157
2023-03-20,391
2023-03-21,970
2023-03-22,219
2023-03-23,879
2023-03-24,530
2023-03-25,182
2023-03-26,191
2023-03-27,996
2023-03-28,498
2023-03-29,711
2023-03-30,665
2023-03-31,733
2023-04-01,184
2023-04-02,303
2023-04-03,424
2023-04-04,874
2023-04-05,147
2023-04-06,739
2023-04-07,231
2023-04-08,968
2023-04-09,280
2023-04-10,946
